CustomerID,Name,Age,Gmail,Subscription,Churn
,Anthony Ibarra,34.0,hramirez@example.net,Standard,Yes
CUST0002,Monica Mora,46.0,lknight@example.com,Basic,No
CUST0003,Rachel Ellis,47.0,watkinstiffany@example.com,Basic,Yes
CUST0004,Edward Jefferson,65.0,crystal95@example.org,Basic,No
CUST0005,Robert Brewer,50.0,williamsonanthony@example.net,Standard,Yes
CUST0006,Eddie Cooke Jr.,52.0,robert63@example.org,Standard,No
,Melissa Murray,23.0,charles40@example.com,Premium,Yes
CUST0008,Jessica Webster,35.0,michaelbrittany@example.com,Standard,Yes
CUST0009,Kelly Flores,44.0,baxterdonna@example.net,Basic,Yes
CUST0010,Adam Spears,18.0,mwheeler@example.net,Standard,Yes
CUST0011,Diane Petty,47.0,cassandra32@example.org,Premium,No
CUST0012,Keith Contreras,34.0,ferrellloretta@example.org,Standard,Yes
CUST0013,Jonathan Flynn,76.0,luisbrown@example.com,Standard,No
CUST0014,Mrs. Melissa Pierce,34.0,ddavis@example.com,Basic,Yes
CUST0015,Timothy Fernandez,49.0,david99@example.net,Premium,No
CUST0016,Adam Smith,71.0,ahansen@example.net,Premium,No
CUST0017,Matthew Livingston,24.0,hillteresa@example.com,Basic,Yes
CUST0018,Claudia Nelson,60.0,emilybennett@example.org,Premium,Yes
CUST0019,Heather Simon,,kathryn94@example.org,Premium,Yes
CUST0020,Amy Becker,39.0,cpeterson@example.org,,No
CUST0021,Michael May,71.0,jason70@example.org,Basic,No
CUST0022,Christopher Cole,25.0,millerjustin@example.org,Basic,Yes
CUST0023,Angela Ferrell,32.0,lisawagner@example.net,Premium,No
CUST0024,Jennifer Hudson,66.0,hansonjonathan@example.org,Standard,Yes
CUST0025,Thomas Patel,29.0,alexander11@example.net,Standard,No
CUST0026,Bryan Williams,67.0,kayla41@example.com,Standard,Yes
CUST0027,Anthony Hinton,77.0,bryandecker@example.net,Premium,Yes
CUST0028,Laura Sanchez,74.0,collinschristine@example.org,Premium,No
CUST0029,,74.0,jesse77@example.net,Basic,No
CUST0030,Kathleen Clark,19.0,kimberly35@example.com,Standard,No
CUST0031,David Stephenson,24.0,scott95@example.net,Basic,Yes
CUST0032,Anthony Nunez,47.0,feliciamiller@example.com,,Yes
CUST0033,Adam Young,46.0,reynoldstony@example.com,Basic,No
CUST0034,Crystal Young,22.0,bjones@example.org,Premium,No
CUST0035,Margaret Wilson,28.0,nreyes@example.org,,Yes
CUST0036,,49.0,jamie77@example.org,Standard,Yes
CUST0037,Molly Robertson,34.0,whitehannah@example.com,Standard,Yes
CUST0038,,48.0,garykennedy@example.net,Premium,Yes
CUST0039,David Hart,27.0,danieldavis@example.com,Standard,No
CUST0040,Darius Rush,18.0,shelley07@example.org,Premium,No
CUST0041,Dawn Williamson,73.0,michael97@example.org,Basic,Yes
CUST0042,Joseph Christensen,28.0,slopez@example.com,Premium,No
CUST0043,Matthew Sims,,christopherewing@example.com,,Yes
CUST0044,Sandra Bailey,33.0,csimmons@example.com,Basic,Yes
CUST0045,Robin Thomas,53.0,felicia62@example.net,,Yes
CUST0046,Mrs. Molly Clark,58.0,michaelmiller@example.net,Basic,No
CUST0047,Melissa Tran,21.0,vegakatherine@example.net,Standard,No
CUST0048,Charles West,55.0,david50@example.org,Standard,Yes
CUST0049,Mr. Kevin Thomas,56.0,sara62@example.net,Basic,Yes
CUST0050,Mackenzie Oliver,44.0,heatherrobbins@example.org,Premium,Yes
CUST0051,,75.0,hhernandez@example.org,Basic,No
,Elizabeth Poole,60.0,emullen@example.org,Standard,Yes
CUST0053,Lucas Russell,78.0,austinwatson@example.com,Premium,No
CUST0054,John Buchanan,75.0,gnavarro@example.com,,No
CUST0055,Karen Mckinney,43.0,lisa70@example.org,Basic,Yes
CUST0056,Thomas Kim,50.0,david53@example.org,Basic,Yes
CUST0057,Kayla Jordan,50.0,egates@example.net,,No
CUST0058,Matthew Ramirez,34.0,myerserin@example.com,Basic,Yes
CUST0059,Kristen Rubio,72.0,ydougherty@example.net,Premium,Yes
CUST0060,Pamela Pearson,,sholmes@example.com,Premium,No
CUST0061,Briana Love,69.0,nicole32@example.net,Standard,Yes
CUST0062,Dr. Kathryn Young,47.0,pittmanaustin@example.com,Standard,No
CUST0063,Anthony Thomas DVM,42.0,chapmantracy@example.org,,Yes
CUST0064,Sarah Le,,philip08@example.org,Premium,Yes
CUST0065,Sabrina Stewart,80.0,williamskathryn@example.net,Basic,Yes
CUST0066,Timothy Murray,72.0,josephdaniel@example.com,Standard,Yes
CUST0067,Sarah Collins,78.0,fball@example.com,Standard,No
CUST0068,William Ross,47.0,debra12@example.org,Basic,No
CUST0069,Jade Simmons,68.0,rachel67@example.org,Basic,Yes
CUST0070,Elizabeth Stewart,58.0,longamanda@example.com,Premium,Yes
CUST0071,Tammy Griffin,46.0,judy53@example.com,,Yes
CUST0072,Bianca Oneal,18.0,matthewthomas@example.org,Basic,No
CUST0073,Lauren Diaz,54.0,wguerrero@example.org,Premium,No
CUST0074,Sandra Herrera,,cmartinez@example.net,Basic,Yes
CUST0075,,34.0,nwilliams@example.com,Basic,Yes
CUST0076,Mrs. Martha Kelly MD,77.0,johnathan26@example.org,Basic,No
,,75.0,ftaylor@example.org,Premium,Yes
,Tiffany Boyd,59.0,johnjohnson@example.net,Premium,Yes
CUST0079,Phyllis Conley,18.0,daniellee@example.org,Premium,Yes
CUST0080,Roy Adams,32.0,mikaylakelley@example.net,Premium,No
CUST0081,Russell Robinson,43.0,pricekathy@example.com,Premium,Yes
CUST0082,Jerome Curry,19.0,bphillips@example.net,Basic,Yes
CUST0083,Kyle Lopez,19.0,tanyabanks@example.com,Basic,No
CUST0084,Matthew Wilson,,thomas50@example.org,Standard,No
CUST0085,Leah Murphy,20.0,floresdaniel@example.com,Standard,No
CUST0086,Tammy Valencia,42.0,acostalindsay@example.com,Standard,Yes
CUST0087,Megan Smith,46.0,carlsonsean@example.org,Basic,Yes
CUST0088,Jennifer Thomas,43.0,uvargas@example.org,Basic,No
CUST0089,Brent Mason,35.0,sharon20@example.com,Premium,Yes
CUST0090,Jordan Ortiz,,qmacias@example.net,Basic,No
CUST0091,Nicole Klein,50.0,willisshawn@example.net,Standard,No
CUST0092,Joseph Mclaughlin,73.0,richard35@example.org,Standard,No
CUST0093,Erica Allen,36.0,rrodriguez@example.com,Premium,No
CUST0094,Jessica Edwards,25.0,bgutierrez@example.com,Standard,Yes
CUST0095,Stefanie Curtis,,tinamitchell@example.com,Basic,No
CUST0096,Clarence Day,66.0,andremerritt@example.com,Standard,No
CUST0097,Angela Alvarez,23.0,christopher93@example.org,Standard,Yes
,Daniel Hoffman,80.0,dawsonjohn@example.net,Standard,Yes
CUST0099,Janet Wright,24.0,joshua35@example.org,Standard,No
CUST0100,Jonathan Owens,20.0,bbrowning@example.net,Premium,Yes
CUST0101,Jared Lawrence,,arice@example.com,Premium,Yes
CUST0102,Linda Douglas,66.0,ryan82@example.com,Basic,Yes
CUST0103,Ralph Everett,62.0,gilbertmary@example.net,Premium,Yes
CUST0104,Rachel Boone,39.0,smithmathew@example.com,Premium,Yes
CUST0105,Anthony Stevens,24.0,zschmitt@example.net,Basic,No
CUST0106,Aaron Taylor,,zporter@example.org,Basic,Yes
,Steven Long,59.0,shannon01@example.net,Basic,No
CUST0108,Rebecca Li,65.0,leah38@example.com,Standard,Yes
CUST0109,Michael Vasquez,69.0,nathan92@example.net,Standard,Yes
,Samantha White,62.0,gordondeborah@example.com,Basic,No
CUST0111,Johnny Wilson,23.0,lori47@example.net,Premium,No
CUST0112,Hailey Brown,30.0,mcdowelljulia@example.com,Standard,Yes
,Rachel Davis,19.0,frankwilcox@example.org,Premium,No
CUST0114,Paul Williams,18.0,charles39@example.org,Standard,No
CUST0115,Patricia Williams,72.0,rodriguezjennifer@example.net,Premium,Yes
CUST0116,Daniel Hayes,62.0,courtneygoodman@example.com,Basic,Yes
,Sarah Reed,19.0,gonzalesantonio@example.net,Premium,No
CUST0118,Dana Martinez,42.0,ethomas@example.com,Premium,No
CUST0119,Amanda Robinson,61.0,nguyenlinda@example.org,Basic,No
CUST0120,Mr. James Williams,24.0,veronicaleonard@example.net,Standard,No
CUST0121,Wendy David,59.0,garciaconnie@example.com,Premium,Yes
CUST0122,Joel Norris,65.0,scott86@example.com,Basic,No
CUST0123,John Hoffman,71.0,melissahunter@example.org,Standard,No
CUST0124,Melissa Quinn,41.0,paul73@example.org,Standard,Yes
CUST0125,Anthony Gordon,62.0,adam20@example.com,Standard,No
CUST0126,Edwin Nicholson,27.0,brentolson@example.com,Standard,Yes
CUST0127,Alisha Klein,71.0,douglas71@example.org,Basic,Yes
CUST0128,William Hamilton,53.0,rfreeman@example.net,Basic,Yes
CUST0129,Scott Green,21.0,stewartalexander@example.net,Standard,Yes
CUST0130,Eric Miller,28.0,michelle61@example.com,,Yes
CUST0131,Rebecca Brooks,33.0,epowell@example.com,Standard,No
CUST0132,Megan Wagner,35.0,murraycurtis@example.net,Standard,Yes
CUST0133,Shawn Bullock,68.0,sean42@example.com,Premium,No
CUST0134,Daniel Browning,77.0,qward@example.net,Basic,No
CUST0135,Wayne Mcdonald,49.0,deannanelson@example.net,,Yes
CUST0136,Brian Holmes,45.0,kevincoleman@example.net,Standard,Yes
CUST0137,Mrs. Gloria Ellis,21.0,holmeskristi@example.org,Premium,Yes
CUST0138,Amy Williams,59.0,madison48@example.net,Premium,No
CUST0139,Amy Mckay,39.0,william06@example.com,Standard,Yes
CUST0140,Paula Foley,40.0,tfisher@example.net,Basic,Yes
CUST0141,Dylan Schmidt,77.0,justinriley@example.org,Basic,Yes
CUST0142,Tracy Parker,52.0,toddpark@example.org,Standard,No
CUST0143,Blake Hart,24.0,brianlopez@example.net,Premium,No
CUST0144,Derek Vega,73.0,noah30@example.com,Premium,Yes
CUST0145,Lauren Taylor,29.0,bwilson@example.com,Premium,Yes
CUST0146,Jacob Gonzalez,56.0,dgutierrez@example.net,Premium,No
CUST0147,Brent Porter,79.0,rtaylor@example.com,Premium,Yes
CUST0148,,74.0,wwolf@example.net,Basic,No
,Mary Morgan,71.0,kbarnes@example.com,,Yes
CUST0150,Jonathan Hampton,51.0,jodyaguilar@example.net,Premium,Yes
CUST0151,Maria Henry,53.0,ybarron@example.net,Premium,Yes
CUST0152,Anne Paul,30.0,thompsonderek@example.org,Standard,Yes
CUST0153,Carol Brown,38.0,laura32@example.com,Premium,Yes
CUST0154,Devon Ramos,,patrickthomas@example.com,Standard,Yes
CUST0155,Heather Mason,78.0,josephrivas@example.com,Standard,Yes
CUST0156,Deborah Brady,22.0,uzavala@example.net,Basic,No
CUST0157,Dr. James Meyer Jr.,75.0,kevin61@example.org,Basic,Yes
CUST0158,Alisha Norris,63.0,megan53@example.net,,No
CUST0159,Andrew Zuniga,32.0,michaelyu@example.net,Basic,No
CUST0160,Alfred Williams,43.0,stephanie31@example.net,Premium,No
CUST0161,Mr. Jon Keller,66.0,michele45@example.org,,No
CUST0162,Helen Nelson,26.0,hernandezross@example.org,Premium,No
CUST0163,Cindy Romero,79.0,aflynn@example.org,,No
CUST0164,Jillian Bradley,49.0,fryemichael@example.org,Premium,Yes
CUST0165,Mrs. Jodi Esparza DVM,71.0,slarson@example.org,Standard,No
CUST0166,Robert Willis,70.0,michelledunlap@example.com,,Yes
CUST0167,William Pittman,26.0,yanthony@example.com,Premium,No
CUST0168,Gary Joseph,18.0,kathrynstone@example.org,Premium,No
CUST0169,Jerry Ingram,80.0,gallagherjeremy@example.net,Premium,No
,Robert Wilson MD,53.0,wernerjennifer@example.net,Standard,No
CUST0171,Danny Owens,68.0,ithompson@example.com,Standard,Yes
,Joshua Smith,65.0,gchandler@example.net,Premium,No
CUST0173,Emily Rodriguez,68.0,mtaylor@example.net,Premium,Yes
CUST0174,Jeffrey Mann,60.0,bridgetrusso@example.net,Basic,No
CUST0175,Maria Rhodes,71.0,weeksjose@example.com,Premium,Yes
CUST0176,,60.0,schroederjohn@example.com,Premium,No
CUST0177,Shelley Christian,63.0,erinjames@example.com,Premium,No
CUST0178,Sabrina Cain,28.0,joseph78@example.net,Standard,Yes
CUST0179,Rodney Gonzales,40.0,jennifer32@example.net,Premium,Yes
CUST0180,Allison Carrillo,23.0,stephenparrish@example.net,Premium,Yes
CUST0181,Fernando Bates,51.0,josephsexton@example.com,Premium,No
CUST0182,Laurie Arnold,41.0,howardtina@example.net,Premium,No
CUST0183,Michael Fernandez,31.0,diana83@example.org,,No
CUST0184,Ryan Schmidt,56.0,jaymorris@example.com,Basic,No
CUST0185,David Zamora,51.0,rmiddleton@example.org,Basic,No
CUST0186,Erica Henderson,79.0,suzannedunlap@example.com,Basic,Yes
CUST0187,Alexander Mann,34.0,hhartman@example.org,Standard,No
,Bradley Mcneil,56.0,arthur98@example.com,Standard,Yes
,Kevin Burton,66.0,lopezbenjamin@example.com,Premium,Yes
CUST0190,Jennifer Santana,70.0,vwright@example.org,Basic,No
CUST0191,Tiffany Reynolds,77.0,griffinvictoria@example.org,Basic,Yes
CUST0192,Kimberly Rush,28.0,frederick06@example.com,Basic,No
CUST0193,Michael Mason,59.0,georgewalker@example.net,Standard,No
CUST0194,Kerri Collins,39.0,parrishsherri@example.net,Basic,Yes
CUST0195,Audrey Alvarez DDS,37.0,lisa44@example.net,Standard,No
,James Lewis,71.0,rossapril@example.com,Premium,Yes
CUST0197,Ashley Campbell,80.0,lhancock@example.com,Basic,Yes
CUST0198,Emma Leonard,47.0,gonzalezryan@example.org,Standard,No
,Bradley Smith,80.0,cynthia42@example.net,Standard,Yes
CUST0200,Wayne Martinez,32.0,scottemma@example.net,Premium,Yes
CUST0201,Paige Mclaughlin,38.0,john38@example.net,Premium,Yes
CUST0202,Maria Watkins,76.0,tuckerdylan@example.org,Premium,Yes
CUST0203,Bobby Johnston,54.0,tmarquez@example.org,Basic,Yes
CUST0204,Steven Malone,43.0,foleymegan@example.org,Basic,No
CUST0205,Steve Bright,26.0,rochacory@example.com,Premium,No
CUST0206,Miranda West,28.0,thompsonjessica@example.com,Standard,Yes
CUST0207,Sarah Harrison,50.0,rhenderson@example.net,Basic,No
CUST0208,Jason Ryan,69.0,danny52@example.com,Standard,Yes
CUST0209,Matthew Taylor,22.0,zknight@example.net,Basic,No
CUST0210,Johnny Knight,55.0,tracyshaw@example.com,Premium,No
,Joseph Medina,44.0,mchapman@example.com,Basic,Yes
CUST0212,Karen Chavez,68.0,nancy65@example.net,Premium,Yes
CUST0213,Michael Brennan,73.0,kristen63@example.com,Standard,Yes
CUST0214,Dr. Brenda Hays DDS,22.0,crystal73@example.org,Premium,Yes
CUST0215,Barbara Holden,41.0,ericbennett@example.com,Premium,Yes
CUST0216,Laura Anderson,55.0,sheila35@example.org,Premium,No
CUST0217,Teresa Kelley,78.0,nealmary@example.com,Standard,No
CUST0218,Paul Duncan,68.0,gutierrezscott@example.org,Basic,No
CUST0219,Kimberly Martinez,45.0,kennedydana@example.net,Basic,Yes
CUST0220,Brad Howard,38.0,nliu@example.org,Premium,No
CUST0221,Christian Mcmahon,73.0,jackanderson@example.com,Standard,No
CUST0222,Barbara Pierce,31.0,pamela11@example.com,Standard,No
CUST0223,Bobby Schneider,63.0,wendy02@example.com,Basic,Yes
CUST0224,David Thomas,39.0,bryantnathan@example.com,Basic,Yes
CUST0225,Anne Krueger,77.0,royjose@example.net,Standard,Yes
CUST0226,Jorge Medina,44.0,emilyrusso@example.org,Standard,No
CUST0227,Amber Gamble,74.0,christopher87@example.org,,Yes
CUST0228,Kristine Fernandez,27.0,hopkinskathryn@example.org,Premium,No
CUST0229,Zachary Dawson,52.0,vmills@example.com,Basic,Yes
CUST0230,Teresa Potts,40.0,shawn50@example.com,Standard,Yes
CUST0231,Susan Campbell,24.0,sean77@example.com,Basic,No
CUST0232,,24.0,amurphy@example.com,Standard,Yes
CUST0233,David Lynch,56.0,wmills@example.org,Premium,No
CUST0234,David Taylor,37.0,award@example.net,Standard,No
CUST0235,David Johnson,68.0,estevens@example.org,Standard,No
CUST0236,Daniel Wolf,66.0,danielkennedy@example.org,Standard,Yes
CUST0237,Joseph Martin,58.0,blanchardmark@example.org,,Yes
CUST0238,Rose Davis,66.0,xmurray@example.net,Basic,Yes
CUST0239,April Villanueva DVM,52.0,joseph27@example.net,Basic,No
CUST0240,Dawn Mejia,21.0,bakerjon@example.org,Standard,No
CUST0241,Brianna Bates,25.0,jamesgarrett@example.org,Standard,Yes
CUST0242,Ashley Jones,32.0,wernerjason@example.com,Premium,Yes
CUST0243,,74.0,fletcherrebekah@example.net,Basic,No
CUST0244,Robert Gray,40.0,aaron30@example.net,Basic,No
CUST0245,,42.0,canderson@example.net,Standard,Yes
,Brenda Jenkins,45.0,fernandezwilliam@example.net,Premium,No
CUST0247,Kristopher Yu,18.0,maymichael@example.org,Standard,No
CUST0248,Robert Odonnell,62.0,georgehayes@example.org,Basic,No
CUST0249,Megan Campbell,44.0,jason57@example.net,,Yes
CUST0250,,49.0,lisawebb@example.org,Basic,No
CUST0251,Thomas Li,21.0,williamskelly@example.org,Standard,No
CUST0252,Michael Mcintosh,65.0,oboyer@example.org,Basic,Yes
CUST0253,Sean Oconnor,70.0,stevenhernandez@example.org,Standard,No
CUST0254,Martin Mercer,,megan55@example.net,Standard,No
CUST0255,Vincent Ramos,62.0,vaughndavid@example.org,Standard,No
CUST0256,Anthony Colon,62.0,glendamiller@example.org,Premium,No
CUST0257,Kiara Reynolds,52.0,fergusonmichael@example.org,Basic,No
CUST0258,Melissa Reyes,79.0,thomasmills@example.net,Standard,No
CUST0259,Brandi Williams,61.0,nchandler@example.net,Standard,No
CUST0260,Valerie Davis,,deannaford@example.net,Standard,No
CUST0261,Gabrielle Montes,19.0,rachelwilson@example.org,Basic,Yes
CUST0262,Ryan Watts,78.0,thomasjames@example.org,Standard,No
CUST0263,Cindy Ortiz,46.0,maria13@example.com,Premium,No
CUST0264,Gregory Williams,72.0,danielanderson@example.org,,No
CUST0265,Melvin Hill,57.0,meadowsangela@example.org,Basic,No
CUST0266,Sabrina Gates,64.0,brentmelton@example.net,Standard,No
CUST0267,Patricia Cooper,26.0,schroederrobert@example.net,Standard,Yes
CUST0268,Melinda Hall,58.0,kevincooley@example.org,Basic,No
CUST0269,Joseph Wells,41.0,russellmichael@example.net,Standard,No
CUST0270,Brianna Young,45.0,gregory77@example.org,Basic,Yes
CUST0271,William Chen,18.0,morganlisa@example.org,Premium,No
CUST0272,Amber Riley,18.0,edwin03@example.com,Premium,Yes
CUST0273,Kelly Carlson,40.0,williamwood@example.net,Premium,No
CUST0274,Jonathan Wells,34.0,aguilarlawrence@example.org,Standard,No
CUST0275,Glenn Cunningham,27.0,jwallace@example.net,Basic,No
CUST0276,Catherine Ball,69.0,olsonnathan@example.com,Premium,Yes
CUST0277,Thomas Delgado,70.0,ricardo61@example.net,Premium,Yes
CUST0278,Omar Sanford,24.0,jclark@example.com,Premium,Yes
CUST0279,,29.0,nicoleallen@example.net,Premium,No
CUST0280,Brandon White DDS,26.0,colin36@example.com,Standard,Yes
CUST0281,Timothy Mata,57.0,harrismark@example.net,Standard,Yes
CUST0282,Carly Russell,,ybrown@example.net,Standard,Yes
CUST0283,John Hughes,34.0,ppatterson@example.com,Basic,Yes
CUST0284,Elizabeth Hughes,22.0,matthewcarney@example.org,Premium,No
CUST0285,Cameron Ramos,56.0,matthew19@example.com,Premium,Yes
CUST0286,Felicia Hernandez,22.0,andrew91@example.com,Standard,No
CUST0287,Jennifer Frederick,65.0,lawrence18@example.com,Standard,No
CUST0288,Jocelyn Adkins,51.0,smithvicki@example.org,Standard,No
CUST0289,Marissa Bass,54.0,marymurphy@example.net,Premium,Yes
CUST0290,Randy Smith,54.0,rwashington@example.org,Premium,No
CUST0291,Kristin Martinez,23.0,cherrymatthew@example.net,Standard,No
CUST0292,Belinda Washington,26.0,bowersalan@example.com,Basic,Yes
CUST0293,Molly Buchanan,27.0,joseporter@example.net,Basic,Yes
CUST0294,Jennifer Miller,47.0,angie67@example.com,Basic,No
CUST0295,Allison Farmer,80.0,margaretcooper@example.org,Standard,No
CUST0296,Kevin Rodriguez,21.0,abarker@example.net,Basic,No
CUST0297,Curtis Vincent,32.0,timothy75@example.net,Premium,No
CUST0298,Erin Robinson,44.0,deborah08@example.org,Premium,No
CUST0299,Robert Sanders,21.0,sanchezcharles@example.net,Basic,Yes
CUST0300,Kevin Morgan,40.0,robertreyes@example.com,Premium,No
CUST0301,William Henson,36.0,anna84@example.com,,Yes
CUST0302,Terri Williamson,74.0,qmarquez@example.com,Premium,No
CUST0303,,,llewis@example.com,Standard,No
CUST0304,Dylan Bishop,65.0,gabriellejones@example.com,Basic,No
CUST0305,Mr. Nicholas Brown,69.0,smithjeffrey@example.org,Standard,No
CUST0306,Robert Walter,19.0,sturner@example.org,Basic,No
CUST0307,Christina Owens,35.0,kbryan@example.net,Premium,No
,Jason Rios,52.0,grichards@example.org,Standard,No
CUST0309,Amanda Johnson,72.0,freemandana@example.net,,No
CUST0310,James Martinez,34.0,ianjones@example.com,Basic,Yes
CUST0311,Joseph Fernandez,79.0,parkerjennifer@example.com,Basic,Yes
CUST0312,Mrs. Misty Thompson,32.0,troy07@example.com,Basic,No
CUST0313,Carolyn Knight,52.0,cody23@example.net,Standard,Yes
CUST0314,Lonnie Martin,52.0,stephanie58@example.com,Premium,No
CUST0315,Jonathan Mills,48.0,hgeorge@example.com,Basic,No
CUST0316,Robert Mitchell,29.0,kingcasey@example.net,Premium,Yes
CUST0317,Thomas Obrien,72.0,joseph72@example.net,,Yes
CUST0318,Rebecca Hebert,,walvarez@example.net,Basic,Yes
CUST0319,Amy Hamilton,51.0,ustevens@example.com,Premium,No
CUST0320,Andrew Sutton,28.0,pwilson@example.net,Standard,Yes
CUST0321,John Chandler,38.0,johnsonjoseph@example.com,Premium,No
CUST0322,Jesus Cruz,45.0,yvonnesawyer@example.org,Basic,Yes
CUST0323,Peter Mckinney,58.0,samanthawatkins@example.net,Premium,Yes
CUST0324,Thomas Gonzalez,58.0,pacerobert@example.com,,No
CUST0325,Jeremy Curry,76.0,kellywilson@example.net,Basic,No
CUST0326,Shelly Colon,21.0,grichmond@example.net,Premium,No
CUST0327,James Pittman,59.0,duranbrian@example.com,Standard,No
CUST0328,Ernest Bell,53.0,relliott@example.org,Basic,Yes
CUST0329,Susan Owen,,hubbardangela@example.org,Standard,Yes
CUST0330,Allen Gates,66.0,pricejames@example.net,Premium,No
CUST0331,Kevin Ford,39.0,reyesadam@example.com,Standard,Yes
CUST0332,Nicholas Huff,25.0,bwilliams@example.com,Standard,No
CUST0333,Sandy Summers,60.0,matthew99@example.net,Standard,No
CUST0334,Michele Turner,34.0,barbaraalexander@example.com,Standard,Yes
CUST0335,Morgan Reyes,,sherry92@example.org,Premium,No
CUST0336,Javier Murray,47.0,tammy28@example.com,Basic,Yes
,Mrs. Molly Fox DDS,55.0,martinezmatthew@example.com,Basic,Yes
CUST0338,Richard Sparks,53.0,myerselizabeth@example.org,Premium,Yes
CUST0339,Cristian Wells,42.0,timothymorales@example.com,Premium,No
CUST0340,Renee Morris,54.0,deannalopez@example.com,Premium,No
CUST0341,Jonathan Schmidt,31.0,christophermorris@example.com,Premium,Yes
CUST0342,Ronald Rivera,39.0,erictran@example.net,Premium,Yes
CUST0343,Wesley Jacobs,63.0,angel57@example.org,Basic,No
CUST0344,Cole Moreno,66.0,fred19@example.com,Basic,No
CUST0345,Jennifer Compton,39.0,tiffany16@example.net,Basic,Yes
CUST0346,Roger Taylor,,phillipmitchell@example.com,Standard,No
,Austin Peterson,,michaelalopez@example.org,Standard,Yes
CUST0348,Charlotte Smith,26.0,cheryl33@example.org,Standard,Yes
CUST0349,Peter Sweeney,60.0,deanna30@example.org,Premium,No
,Megan Huynh MD,66.0,ecooper@example.com,Standard,No
CUST0351,Robert Rivera,28.0,mclark@example.net,Premium,No
CUST0352,Johnny Decker MD,36.0,jeremy47@example.net,Premium,Yes
CUST0353,Frank Copeland,32.0,cindysimmons@example.org,Standard,Yes
,Dawn Cruz,60.0,jonesterri@example.org,Premium,Yes
CUST0355,Christopher Johnson,27.0,brownrobin@example.org,Standard,Yes
CUST0356,Allison Baker,47.0,udorsey@example.com,Premium,No
CUST0357,Andre Wade,26.0,patrickcollier@example.net,Basic,No
CUST0358,Shari Carrillo,18.0,odillon@example.net,,No
CUST0359,Eric Dudley,57.0,kevinlee@example.com,Premium,Yes
CUST0360,Antonio Gordon,39.0,wilsonerik@example.net,,Yes
CUST0361,Cristian Carter,58.0,padams@example.org,,No
CUST0362,Sean Gutierrez,,belinda03@example.org,Premium,Yes
,Richard Carey,,brenda43@example.com,Premium,No
CUST0364,Katherine Joyce,73.0,ashley81@example.org,Standard,Yes
CUST0365,Justin Vargas,58.0,farleymarc@example.net,Premium,No
CUST0366,Joel Owens,52.0,williamsthomas@example.net,Basic,Yes
CUST0367,Calvin Carrillo,53.0,michaellamb@example.org,Premium,Yes
CUST0368,Ryan Cooper,36.0,sheenahoover@example.com,Basic,No
CUST0369,Michael Davis,66.0,tamara87@example.org,Basic,No
CUST0370,Kevin Adams,33.0,kristy32@example.com,,No
CUST0371,Jean Thompson,75.0,ulucas@example.com,Premium,Yes
CUST0372,Phillip Lee,31.0,wpeck@example.com,Premium,Yes
CUST0373,Charles Estes,61.0,popejames@example.org,Standard,No
CUST0374,Debra Warren,80.0,ernest91@example.org,,No
,Erika Tran,25.0,heathersanders@example.com,Basic,Yes
CUST0376,Frank Wilson,49.0,katherine23@example.com,Premium,Yes
CUST0377,Stephen Smith,27.0,jenniferfoster@example.org,Basic,Yes
CUST0378,Cheyenne Rogers,18.0,moralesraymond@example.net,Standard,Yes
CUST0379,Lauren Bennett,69.0,christina25@example.com,Premium,Yes
CUST0380,John Franklin,54.0,elindsey@example.net,Premium,Yes
CUST0381,Joshua Bautista,24.0,millerreginald@example.com,Premium,Yes
CUST0382,Sheila Figueroa,74.0,lcook@example.net,Basic,Yes
CUST0383,Brett Evans,43.0,achaney@example.net,Standard,No
CUST0384,Brittany Levy,23.0,elizabeth39@example.org,Premium,No
CUST0385,Angela Kim,63.0,tracy87@example.net,Basic,No
CUST0386,Lisa Miranda,35.0,michele72@example.com,Basic,Yes
CUST0387,Cory Mendoza,57.0,michaelvasquez@example.org,Standard,Yes
CUST0388,Nicholas Turner,73.0,agilbert@example.com,Premium,No
CUST0389,Nathaniel Robertson,51.0,austin06@example.com,Standard,Yes
CUST0390,Alyssa Sullivan,34.0,tiffany42@example.org,Standard,No
CUST0391,Tyler Barrett,58.0,justin27@example.net,Standard,No
CUST0392,,41.0,morrisnatalie@example.com,Standard,No
CUST0393,Debra Hughes,20.0,kelsey82@example.com,Premium,No
CUST0394,Nicholas Wallace,32.0,monicawillis@example.org,Standard,Yes
CUST0395,Aaron Ross,28.0,rwarren@example.net,Basic,Yes
CUST0396,Stephen Cox,54.0,theresawalton@example.com,Premium,No
CUST0397,Christian Hancock,52.0,malvarez@example.net,Standard,Yes
CUST0398,Justin Wilson,38.0,kristina91@example.com,Basic,Yes
CUST0399,Kevin Davis,28.0,vwilliams@example.org,Premium,No
,Karen Richard,,troyallen@example.com,Standard,No
CUST0401,Jennifer Ruiz,46.0,charlesobrien@example.net,Standard,Yes
CUST0402,Elizabeth Stone,30.0,fishermike@example.com,Basic,Yes
CUST0403,Tyler Mcpherson,26.0,matthewsrobert@example.org,Premium,Yes
CUST0404,James Anderson,74.0,michaelperez@example.net,Basic,Yes
CUST0405,Andrea Adams,47.0,uwalton@example.net,Standard,Yes
CUST0406,Scott Davis,65.0,lcurtis@example.net,Premium,Yes
,Jessica Campbell,48.0,smithwilliam@example.com,Basic,No
CUST0408,Ryan Pitts,18.0,markedwards@example.org,Premium,No
CUST0409,Richard Rangel,72.0,ericdelgado@example.com,Standard,No
CUST0410,Marissa Evans,72.0,charleswoodard@example.net,Premium,No
CUST0411,Daniel Gonzalez,67.0,harrisnathan@example.net,Basic,Yes
CUST0412,Colin Mejia,78.0,morrissarah@example.net,Premium,Yes
CUST0413,Krista Torres,80.0,wkelly@example.net,Premium,Yes
CUST0414,Dana Mays,63.0,megandillon@example.com,Basic,No
CUST0415,Kari Braun,54.0,chughes@example.net,Standard,Yes
CUST0416,Todd King,53.0,scott06@example.com,Premium,Yes
CUST0417,Lydia Freeman,29.0,nathankirby@example.org,Standard,Yes
CUST0418,Maria Dorsey,65.0,tonyagolden@example.com,Standard,Yes
CUST0419,Amanda Gordon,28.0,thomas86@example.net,Basic,No
CUST0420,James Pham,71.0,wangfelicia@example.org,Standard,No
CUST0421,James Murphy,66.0,brooksmary@example.org,Basic,Yes
CUST0422,Jason Sanchez,42.0,brian75@example.org,Premium,No
CUST0423,Elizabeth Lynch,51.0,patrickwebb@example.com,Basic,No
CUST0424,Christopher Martinez,36.0,vancetamara@example.com,Premium,No
CUST0425,Kim Smith,61.0,amy67@example.com,Standard,Yes
CUST0426,Zachary Torres,18.0,sue93@example.org,Standard,Yes
CUST0427,Brian Duncan,33.0,jamesgreen@example.org,Standard,No
CUST0428,Carlos Roberts,64.0,michaeldavis@example.com,Premium,Yes
CUST0429,James Gonzalez,62.0,obriensarah@example.org,Basic,No
CUST0430,Jeffery Ortiz,58.0,ibarraallen@example.org,Basic,No
CUST0431,James Brown,79.0,stephen41@example.com,Basic,No
CUST0432,Marcus Vaughn,55.0,lisaalvarez@example.org,Standard,Yes
CUST0433,Parker Wilcox,,fbecker@example.com,Standard,No
CUST0434,Christopher Perez,64.0,marieponce@example.com,Standard,No
CUST0435,Stacy Ward,26.0,susan63@example.net,Premium,No
CUST0436,Wesley Thomas,35.0,brownjason@example.net,Standard,Yes
CUST0437,Andrew Nelson,58.0,poncecole@example.org,,Yes
CUST0438,Richard Mason,78.0,stacy12@example.org,Standard,Yes
CUST0439,Stephen Henderson,75.0,pgray@example.com,,No
,Leslie Myers,76.0,phillipsrhonda@example.com,Basic,No
,Emma Clark,21.0,timothyrojas@example.com,,Yes
CUST0442,John Williams,52.0,christopher91@example.net,Premium,Yes
CUST0443,John Perez,32.0,tylermay@example.net,Basic,Yes
CUST0444,Cheryl Johnson,26.0,joanna06@example.org,Basic,No
CUST0445,Caleb Day,77.0,simonjacob@example.org,Basic,No
CUST0446,Helen Leblanc,,eelliott@example.org,Standard,Yes
CUST0447,Stacey Johnson,55.0,devin34@example.net,Premium,No
CUST0448,Richard Johnson,64.0,laurasanchez@example.com,Basic,Yes
CUST0449,Megan Henderson,39.0,jhurley@example.net,Standard,No
CUST0450,Nicole Collins,32.0,zreid@example.org,Basic,No
CUST0451,David Jones,42.0,gcastro@example.com,Premium,No
CUST0452,Eric Huffman,19.0,wstanley@example.org,Basic,No
CUST0453,Douglas Johnson,38.0,munozthomas@example.com,Standard,No
CUST0454,Amanda Rivera,,john62@example.com,Premium,Yes
CUST0455,Caitlin Villa,35.0,ashley01@example.org,Standard,No
CUST0456,Mackenzie Smith,18.0,simpsonpaul@example.net,Basic,No
CUST0457,Charles Murillo,22.0,mcgeedennis@example.org,Basic,Yes
CUST0458,Brenda Martinez,55.0,karenbrown@example.com,Basic,Yes
,Logan Gordon,37.0,ashley99@example.org,Standard,No
CUST0460,Crystal Miller,42.0,nicole67@example.com,Premium,Yes
CUST0461,Michael Harrison,39.0,tyoung@example.com,Premium,Yes
CUST0462,Larry Thompson,54.0,jason09@example.org,Standard,Yes
CUST0463,Jesse Edwards,75.0,hollyrandall@example.net,Standard,No
CUST0464,Rebecca Meadows,34.0,tanyabeltran@example.com,Basic,No
CUST0465,Benjamin Smith,23.0,stephanie65@example.org,Basic,No
CUST0466,Michelle Johnson,32.0,heather23@example.com,Basic,No
CUST0467,Joseph Moody,79.0,qbrewer@example.net,Standard,Yes
CUST0468,Lisa Mccarthy,63.0,petercampbell@example.com,Standard,No
CUST0469,Cynthia Love,73.0,maria84@example.com,Standard,Yes
CUST0470,Darlene Watkins,43.0,kdavis@example.org,Standard,Yes
CUST0471,Mrs. Candace Hawkins,77.0,thomaswillie@example.net,Basic,Yes
CUST0472,Edgar Stephens,34.0,blakethomas@example.com,Standard,Yes
CUST0473,Mark Mckee,54.0,perezjason@example.org,Premium,No
CUST0474,Roger Williams,60.0,silvamaria@example.org,Premium,Yes
CUST0475,Melissa Miranda,22.0,martindaniel@example.com,Standard,Yes
CUST0476,Carolyn Wilson,38.0,hannahreyes@example.com,Standard,No
CUST0477,Sarah Hunt,53.0,utownsend@example.org,Basic,Yes
CUST0478,Daniel Mcknight,21.0,robert65@example.net,Standard,No
CUST0479,Thomas Hooper,67.0,xavier94@example.com,Premium,No
CUST0480,Alexandra Smith,54.0,lucasjose@example.org,Basic,Yes
CUST0481,,69.0,matthewmendez@example.net,Basic,No
CUST0482,Christopher Ellis,19.0,lcox@example.net,Standard,Yes
CUST0483,,71.0,ericnelson@example.net,Premium,Yes
CUST0484,Jonathan Bates,53.0,madeline55@example.com,Standard,Yes
CUST0485,,32.0,michaelcastillo@example.com,Standard,No
CUST0486,Emily Wu,47.0,asanders@example.com,Basic,Yes
CUST0487,Christopher Jones,68.0,michellerodriguez@example.com,Basic,No
CUST0488,William Holden,69.0,dicksonsarah@example.net,Basic,Yes
CUST0489,Robert Barnes,42.0,gwatts@example.org,Standard,Yes
CUST0490,Raymond Winters,59.0,jenningstroy@example.com,Premium,No
CUST0491,Gregory Cooper,79.0,oflowers@example.net,Standard,Yes
CUST0492,Shelly Jordan,,ujones@example.org,Basic,Yes
CUST0493,Kristopher Clark,62.0,katelyn45@example.org,Standard,No
CUST0494,,,frederickthomas@example.org,Basic,No
CUST0495,Dr. Daniel Jackson,56.0,tbeck@example.org,Premium,No
CUST0496,Alison Jones,59.0,gingram@example.net,Standard,No
CUST0497,Jessica Davis,67.0,xwright@example.net,,Yes
CUST0498,Brian Stein,40.0,hermanmichael@example.org,Basic,Yes
CUST0499,Lauren Price,68.0,carlos45@example.com,Standard,No
CUST0500,,73.0,brenda98@example.org,Standard,Yes
CUST0501,Cory White,46.0,ywolf@example.net,Premium,No
,Robert Warren,48.0,jeffreylove@example.net,Premium,No
CUST0503,Melissa Everett,19.0,fholloway@example.org,Standard,Yes
CUST0504,Brian Glover,69.0,lanenicole@example.net,Premium,No
CUST0505,Shane Valdez,30.0,stephen03@example.com,Premium,No
CUST0506,Joseph Morgan,48.0,hchaney@example.net,Basic,Yes
CUST0507,Abigail Williams,25.0,melissa00@example.net,Premium,No
CUST0508,Troy Edwards,31.0,cchandler@example.com,Standard,Yes
CUST0509,Andrea Rice,78.0,elizabethmays@example.org,Standard,No
CUST0510,Melissa Kane,78.0,kylesmith@example.net,Premium,No
CUST0511,Nicole Griffin,31.0,zpalmer@example.org,Premium,Yes
CUST0512,Fred Day,59.0,laurengonzales@example.com,Standard,Yes
CUST0513,Richard Doyle,77.0,halljennifer@example.org,Standard,No
CUST0514,Brian Moreno,74.0,smithkenneth@example.org,Basic,Yes
CUST0515,Julie Briggs,69.0,hector54@example.net,Premium,No
CUST0516,Sheri Parker,78.0,qreyes@example.org,Basic,No
CUST0517,Tracy Campbell,37.0,maria14@example.org,Standard,Yes
CUST0518,Elizabeth Knapp,48.0,lnelson@example.com,Premium,No
CUST0519,Jonathan Walsh,18.0,susanpineda@example.com,,No
CUST0520,John Burton,56.0,waynewilliams@example.net,Premium,Yes
CUST0521,,22.0,williamskevin@example.net,Basic,No
CUST0522,Jennifer Johnson,20.0,jeffrey22@example.org,Basic,No
CUST0523,Heidi Dawson,56.0,hudsonjoshua@example.org,Premium,No
CUST0524,Mark Davis,25.0,melissa78@example.org,Basic,No
CUST0525,Jeffrey Friedman,63.0,bryan38@example.com,Premium,No
,Chad Dougherty,57.0,nicoleglass@example.net,Premium,No
CUST0527,John Dorsey,74.0,spearsmichael@example.net,Premium,No
CUST0528,Melissa Cox,,marypittman@example.net,,No
CUST0529,Julie Charles,50.0,roachjessica@example.org,Premium,Yes
CUST0530,Victor Calhoun,74.0,nicole99@example.net,Standard,No
CUST0531,Bernard Gregory,46.0,henry89@example.org,Standard,Yes
CUST0532,Jeremy Daniels,27.0,oliviajohnson@example.org,Basic,Yes
CUST0533,Jason Larson,78.0,marybowen@example.com,Basic,No
CUST0534,Kimberly Smith,29.0,krista81@example.org,Standard,No
CUST0535,Stephanie Aguirre,74.0,ihayes@example.org,Basic,No
CUST0536,Tiffany Holloway,27.0,jennifer69@example.org,Premium,Yes
CUST0537,Alexis Schultz,65.0,mariemiller@example.org,Standard,No
CUST0538,Ashley Walker,41.0,kristenwilkins@example.net,Standard,No
CUST0539,Austin Harvey,,edwardskatherine@example.net,Standard,Yes
CUST0540,Robert Mullen,22.0,michael09@example.com,Basic,No
CUST0541,Shelby Mitchell,71.0,josephbarrera@example.net,Standard,Yes
CUST0542,,37.0,benjaminrobinson@example.com,Standard,No
CUST0543,Jorge Fisher,59.0,leahcarter@example.net,Basic,Yes
CUST0544,Elizabeth Hays,22.0,williamsjamie@example.org,Standard,No
CUST0545,Patricia Hamilton,27.0,cperry@example.org,Premium,Yes
CUST0546,Christina Colon,26.0,lucas32@example.net,Basic,No
CUST0547,Daniel White,30.0,shannongreene@example.org,,No
CUST0548,Lauren Clark,28.0,amiranda@example.org,Basic,No
CUST0549,Anthony Williams,66.0,lgreen@example.com,Standard,Yes
CUST0550,Michaela Benitez,51.0,phillipschristopher@example.org,Basic,No
CUST0551,,49.0,patriciawest@example.com,Basic,Yes
CUST0552,Christopher Green,38.0,wendy73@example.com,Premium,No
CUST0553,Kevin Clark,40.0,jason74@example.org,,No
CUST0554,Yolanda Nichols,,jennifer47@example.net,Basic,No
CUST0555,Kristin Juarez,74.0,mitchellcheryl@example.com,Basic,No
CUST0556,Steven Griffith,64.0,michellekelly@example.com,Basic,Yes
CUST0557,Stephen Perez,32.0,joshua81@example.net,Standard,No
,Brett Gilbert,53.0,fishersamuel@example.org,Premium,Yes
CUST0559,Philip Hughes,76.0,williamsjacob@example.org,Premium,Yes
CUST0560,Robert Delgado,51.0,coltonrhodes@example.net,Premium,No
CUST0561,Brian Reed,59.0,jayneal@example.org,Standard,Yes
CUST0562,Ryan Cummings,50.0,hannahwolf@example.com,Standard,No
CUST0563,Melissa Scott,29.0,turneramanda@example.net,Basic,No
,Joel Lawrence,54.0,meganblack@example.com,Premium,No
CUST0565,Kristi Gordon,64.0,steven29@example.org,Standard,Yes
CUST0566,Jacob Singleton,,amandawright@example.org,Basic,Yes
CUST0567,Frank Kelley,45.0,madelinemassey@example.net,,Yes
CUST0568,Melissa Smith,43.0,william51@example.org,Premium,No
CUST0569,Gregory Johnson,77.0,carrkelly@example.com,Premium,Yes
,Kenneth Hanson,26.0,zavaladonna@example.net,Standard,Yes
CUST0571,Ellen Cortez,55.0,jadams@example.com,,Yes
CUST0572,Amber Taylor,51.0,allisonmichael@example.net,Basic,Yes
CUST0573,Bernard Love,57.0,chamberswayne@example.org,Premium,Yes
CUST0574,Laurie Morales,64.0,xmiller@example.com,Premium,Yes
CUST0575,Todd Hatfield,,hallmichelle@example.org,Premium,Yes
CUST0576,,55.0,sbrowning@example.net,Premium,No
CUST0577,Mary Torres MD,60.0,mweaver@example.org,Basic,No
CUST0578,David Robles,18.0,mooneykimberly@example.com,Basic,No
CUST0579,Amanda Francis,47.0,alexander58@example.net,Premium,Yes
CUST0580,Steven Craig,48.0,kmcpherson@example.org,Premium,Yes
CUST0581,Wanda Davidson,66.0,cynthia77@example.com,Basic,Yes
CUST0582,Johnny Gilbert,55.0,luis48@example.org,Standard,No
CUST0583,Ronald Moody,42.0,david16@example.org,Basic,No
CUST0584,Mandy Paul,71.0,johnsoncarol@example.net,Basic,No
CUST0585,Savannah Porter,62.0,buckcraig@example.net,Standard,Yes
CUST0586,Kim Doyle,40.0,mosshannah@example.net,Standard,Yes
CUST0587,Alec Chavez,72.0,kara11@example.org,Basic,No
CUST0588,Rita Jordan,49.0,lyonstiffany@example.net,Premium,No
CUST0589,Brandon Michael,41.0,nicolewhite@example.com,Premium,No
CUST0590,Veronica Murphy,36.0,james75@example.com,Basic,Yes
CUST0591,Garrett Webb,30.0,emartinez@example.org,Basic,No
CUST0592,Erica Fitzgerald,34.0,michellestone@example.net,Basic,Yes
CUST0593,Mary Rollins,,gabriellebaird@example.net,Premium,Yes
CUST0594,Brian Snyder,70.0,michaelasmith@example.com,Basic,Yes
CUST0595,Charlotte Ward,57.0,perezkathryn@example.net,Standard,Yes
CUST0596,Joe Bradley,76.0,keithchristine@example.com,Basic,Yes
CUST0597,Antonio Morgan,27.0,psmith@example.org,Basic,Yes
CUST0598,Amanda Robinson,40.0,stephen75@example.com,Premium,No
CUST0599,Mary Valenzuela,78.0,david15@example.com,Standard,No
CUST0600,Robert Yu,,lfarmer@example.net,Standard,Yes
CUST0601,Trevor Diaz,30.0,whitney62@example.com,Basic,Yes
CUST0602,Teresa Robinson,63.0,ryanwest@example.org,Premium,Yes
CUST0603,Corey Hutchinson,64.0,xpatel@example.org,Premium,Yes
,Ronald Boyd,29.0,jerry72@example.net,Basic,No
CUST0605,Cynthia Arnold,37.0,moraleserik@example.com,Premium,Yes
CUST0606,Jeffrey Hammond,34.0,banderson@example.net,Premium,No
CUST0607,Jacob Porter,51.0,fernandohernandez@example.net,,Yes
CUST0608,,,jessica58@example.com,Premium,Yes
CUST0609,Joe Thompson,30.0,ycamacho@example.net,Standard,Yes
CUST0610,James Mills,46.0,watkinsaaron@example.com,Premium,No
CUST0611,Ashley Brown,51.0,austingarner@example.com,,Yes
CUST0612,Victor Robinson,54.0,sullivanpatricia@example.com,Premium,No
CUST0613,Beth Wallace,45.0,jeffrey90@example.com,Basic,No
CUST0614,Sherri Valdez,78.0,cmclaughlin@example.net,,Yes
,Dorothy Riddle,76.0,annamiller@example.net,Standard,Yes
CUST0616,Laura Galloway,28.0,latoyalewis@example.com,Standard,No
CUST0617,Janet Hayes,,jill79@example.com,Basic,No
CUST0618,Ronald Baker,80.0,xking@example.net,,Yes
CUST0619,Mrs. Caitlin Blair,71.0,kevin67@example.org,Basic,No
CUST0620,John Herrera,,markwilliams@example.net,Premium,No
CUST0621,Robert Rodriguez,35.0,schmidthoward@example.org,Basic,Yes
CUST0622,Shannon Dickerson,43.0,hughesmary@example.com,Standard,No
CUST0623,John Kidd,69.0,michellesalinas@example.net,Basic,No
CUST0624,Jim Trevino,68.0,framsey@example.net,Basic,No
CUST0625,Laura Huffman,48.0,alejandro91@example.com,Standard,Yes
CUST0626,Angela Brooks,28.0,mollylewis@example.com,Standard,Yes
CUST0627,Dr. Jordan Melton MD,68.0,samantha24@example.org,Standard,Yes
CUST0628,Teresa Walker,,craiggarcia@example.com,Basic,No
CUST0629,Deborah Norris,21.0,jgriffith@example.org,Basic,No
CUST0630,William Walker,35.0,lpadilla@example.com,Basic,No
CUST0631,Jesse Smith,56.0,belljohn@example.net,Premium,Yes
CUST0632,Matthew Martinez,52.0,phillipcook@example.com,Basic,No
CUST0633,Gregory Murray,45.0,kathy88@example.com,Standard,Yes
CUST0634,Tammy Patterson,59.0,lopezwilliam@example.net,Standard,Yes
CUST0635,Michael Elliott,36.0,connormendoza@example.org,Standard,No
CUST0636,Danielle Patterson,76.0,carsonscott@example.net,Premium,No
CUST0637,Michael Williams,34.0,clarkjessica@example.org,Premium,No
CUST0638,Nicholas Callahan,57.0,danielpeters@example.net,Premium,Yes
CUST0639,Jeffrey Smith,30.0,bradleycathy@example.net,Standard,No
CUST0640,Alexandra Chambers,29.0,thompsonrickey@example.org,Standard,No
CUST0641,Billy Martin,63.0,autumn17@example.com,Premium,Yes
CUST0642,Gregory Briggs,72.0,john69@example.com,Premium,No
CUST0643,Kelsey Burgess,19.0,jasonkennedy@example.com,Basic,Yes
CUST0644,Jessica Brown,43.0,tricia23@example.org,Premium,No
CUST0645,Justin Alvarez,63.0,wcarson@example.com,Premium,Yes
CUST0646,Robin Dennis,19.0,jmartin@example.com,Standard,No
CUST0647,John Patel,53.0,oliviadennis@example.org,Standard,No
CUST0648,Charles Webb,48.0,hscott@example.com,,No
CUST0649,Latasha Clark,31.0,ucannon@example.org,Basic,No
CUST0650,Joshua Vincent,72.0,holmesmarissa@example.org,Premium,Yes
CUST0651,Samuel Gates,24.0,wallacestephanie@example.org,Premium,No
CUST0652,Brandy Berry,78.0,jeanne54@example.net,Standard,Yes
,Ann Robinson,68.0,michaelsmith@example.com,Standard,Yes
CUST0654,Maureen Johnson,78.0,jamesheather@example.com,Basic,Yes
CUST0655,Justin Brown,50.0,fwatson@example.net,Premium,No
CUST0656,Julie Hickman,29.0,gking@example.org,Standard,Yes
CUST0657,Jessica Ibarra,70.0,ibradley@example.com,Standard,Yes
CUST0658,Daniel Ruiz,23.0,bridgesabigail@example.org,Standard,Yes
CUST0659,James Jordan,55.0,oaguirre@example.net,Standard,No
CUST0660,Whitney Schroeder,53.0,jerry07@example.org,Premium,Yes
CUST0661,Jessica Davidson,78.0,jodylee@example.com,Standard,No
CUST0662,Gary Cooper,65.0,timothy21@example.com,Premium,No
CUST0663,Steven Anderson,69.0,glowery@example.com,Basic,No
CUST0664,Joshua Hernandez,70.0,cherylfowler@example.net,Basic,Yes
CUST0665,Joseph Johnson,48.0,johnsonwilliam@example.com,Basic,Yes
CUST0666,Shannon Gordon,41.0,qleon@example.com,Premium,Yes
CUST0667,Crystal Cooper,34.0,vbeasley@example.com,Standard,Yes
,Jessica Sullivan,19.0,justin28@example.com,Basic,No
,Steven Christensen,41.0,christysingh@example.net,Basic,No
CUST0670,Heather Mcclain,51.0,hilltyler@example.com,Premium,Yes
,Seth Callahan,21.0,peterhernandez@example.com,Premium,No
CUST0672,,73.0,knielsen@example.net,Standard,Yes
CUST0673,Cody Pacheco,43.0,kevinmartin@example.org,Premium,Yes
CUST0674,Stephanie Martinez,52.0,gibsonmelissa@example.com,Basic,No
CUST0675,Christopher Franklin,41.0,kristensilva@example.org,Standard,Yes
CUST0676,Matthew Gates,25.0,mooredavid@example.org,Basic,No
CUST0677,Maria Scott,44.0,natalie45@example.net,Basic,Yes
CUST0678,Kayla Jacobs,21.0,jonathanswanson@example.org,Premium,Yes
CUST0679,Brittney Spence,,owood@example.org,Basic,Yes
CUST0680,Kimberly Lowery,41.0,anthony74@example.net,Premium,Yes
CUST0681,Carmen Brown,29.0,icooley@example.org,Standard,Yes
CUST0682,Eric Grant,38.0,wilsonjohn@example.com,Premium,No
CUST0683,Juan Ortiz,53.0,ian22@example.net,Basic,Yes
CUST0684,Christina Ballard,61.0,kimberlymcfarland@example.com,Standard,No
CUST0685,Kevin Colon,75.0,melaniecarey@example.com,Basic,Yes
CUST0686,Vincent Howell,78.0,johndodson@example.net,Premium,Yes
CUST0687,John Colon,46.0,deleonamy@example.net,Standard,No
,Taylor Watkins,49.0,randywalker@example.com,Standard,No
CUST0689,,50.0,bcollier@example.com,Basic,Yes
CUST0690,Jennifer Reyes,,john54@example.org,Premium,No
CUST0691,Jennifer Lewis,68.0,robert03@example.org,Standard,Yes
CUST0692,Jacob Gonzalez,25.0,markwhite@example.org,Basic,Yes
CUST0693,Jacob Russo,29.0,donaldgonzalez@example.com,Standard,No
CUST0694,David Wagner,24.0,nfarley@example.net,Standard,No
CUST0695,Tyler Miranda,31.0,grice@example.net,Basic,Yes
CUST0696,Dennis Mccarthy,26.0,sbaker@example.org,Standard,Yes
CUST0697,Justin Reed,32.0,santiagoaaron@example.net,Premium,Yes
CUST0698,Laura Sandoval,29.0,tayloralan@example.net,Basic,No
CUST0699,Kristin Scott,48.0,pallen@example.com,Premium,No
CUST0700,Mrs. Melody Morgan,50.0,hcollins@example.com,Standard,No
CUST0701,Veronica Jackson,19.0,yroberts@example.org,Standard,No
CUST0702,Miss Ashley Ramirez DDS,22.0,catherine31@example.org,Premium,No
CUST0703,Edwin Smith,36.0,jenniferharris@example.org,Premium,No
CUST0704,Hayden Valentine,70.0,iatkins@example.net,Basic,No
CUST0705,Robert Wise,53.0,nelsongregory@example.com,Standard,Yes
CUST0706,Bruce Miller,63.0,rgreene@example.com,Standard,Yes
CUST0707,Jessica Mitchell MD,25.0,eholland@example.net,Premium,Yes
,Tammy Oconnor,56.0,darrellcooper@example.net,Premium,Yes
CUST0709,Thomas Gonzalez,,schneiderkelly@example.org,Standard,No
CUST0710,,74.0,joseperkins@example.com,Basic,Yes
CUST0711,Rhonda Gill,58.0,laurafox@example.com,Standard,No
CUST0712,Christina Jones,19.0,deanjohn@example.com,,Yes
CUST0713,Tamara Harris,19.0,millerroger@example.net,Basic,No
CUST0714,Kevin Stewart,,samantha03@example.com,Standard,Yes
CUST0715,Jessica Moore,45.0,sullivansylvia@example.com,,No
CUST0716,Angela Cooper,31.0,singhrichard@example.com,Premium,No
CUST0717,Amanda Arnold,80.0,michael30@example.org,Standard,No
CUST0718,Ronald Howard,48.0,sandovalpatricia@example.org,Standard,Yes
CUST0719,Shannon Patrick,33.0,jamesgriffith@example.com,Basic,No
CUST0720,Paula Meadows DVM,28.0,joywilson@example.org,Premium,Yes
CUST0721,Melissa Carter,,tarastanley@example.org,Premium,Yes
CUST0722,Kenneth Mcconnell,51.0,collinsjacqueline@example.com,Basic,Yes
CUST0723,Jennifer Rodriguez,65.0,paula05@example.net,Standard,Yes
CUST0724,John Walker,18.0,evanmarshall@example.com,,Yes
CUST0725,Jonathan Odonnell,21.0,charlessmith@example.org,Standard,No
CUST0726,Karen Singh,78.0,natasha63@example.net,Basic,Yes
CUST0727,Samuel Estes,41.0,williamskaren@example.net,Premium,Yes
CUST0728,Amanda Bishop MD,40.0,cheryldudley@example.org,Basic,Yes
CUST0729,William Grant,56.0,afarley@example.com,Basic,No
CUST0730,William Stewart,39.0,smurray@example.net,Basic,No
CUST0731,Christopher Lee,75.0,amanda64@example.org,Standard,No
CUST0732,Katrina Collins,36.0,conwaymaureen@example.net,Standard,No
CUST0733,Danny Chang,20.0,peggy53@example.net,Basic,Yes
CUST0734,Ralph Dennis,34.0,scottjacob@example.com,Basic,No
CUST0735,Teresa Mitchell,25.0,reginaldnavarro@example.net,Premium,Yes
CUST0736,Tracy Bates,49.0,benjamin62@example.net,Premium,Yes
CUST0737,Jessica Fernandez,22.0,smithkathy@example.com,Basic,Yes
CUST0738,David Estrada,33.0,flynnjoseph@example.org,Standard,Yes
CUST0739,Earl Carrillo,24.0,janderson@example.com,Basic,No
CUST0740,Kimberly Arnold,74.0,aaron27@example.org,Basic,No
CUST0741,Christopher Jimenez,70.0,nathaniel23@example.com,Standard,Yes
CUST0742,,76.0,lcastro@example.com,Basic,Yes
CUST0743,Melissa Day,18.0,tiffany43@example.com,Basic,Yes
CUST0744,James Thompson,69.0,aadams@example.net,Basic,Yes
CUST0745,Matthew Mendez,,ireese@example.org,Basic,Yes
,Mary Kelly,75.0,crystalphillips@example.org,Premium,No
CUST0747,Teresa Beasley,27.0,thompsontanya@example.com,Premium,No
CUST0748,Cheryl Ward,79.0,lauren96@example.com,Premium,No
CUST0749,John Smith,54.0,michael43@example.org,Basic,Yes
CUST0750,Heather Patton,69.0,richardhenry@example.net,Standard,Yes
CUST0751,Christopher Martinez,29.0,daniel68@example.org,Premium,Yes
CUST0752,Rebecca Melendez,20.0,james58@example.org,Premium,Yes
CUST0753,,27.0,hallchris@example.com,Premium,Yes
,Mark Bishop,34.0,shelley89@example.com,Standard,No
CUST0755,Betty Roberts,38.0,kennethterry@example.com,Premium,Yes
CUST0756,Jessica Harris,48.0,cramirez@example.net,Premium,No
CUST0757,William Harvey,62.0,reyesjohn@example.com,Basic,Yes
CUST0758,Michele Martinez,52.0,william43@example.net,Basic,No
CUST0759,,24.0,morganjeffrey@example.com,,No
CUST0760,Andrew Lyons,,nmartinez@example.org,Premium,Yes
CUST0761,Madison Lopez,54.0,robertgray@example.com,Standard,No
CUST0762,Martin Jones,58.0,heidizavala@example.org,Premium,No
CUST0763,Gregory Williams,72.0,colinstevens@example.com,Standard,No
CUST0764,Stephanie Davis,78.0,johnny24@example.net,Standard,Yes
CUST0765,Jesse Daniel,30.0,jonathanmeyer@example.net,Standard,No
CUST0766,Denise Wagner,66.0,cardenassarah@example.net,Basic,No
,Brenda Heath,32.0,amanda56@example.net,Standard,No
CUST0768,Jasmin James,74.0,david25@example.org,Premium,No
CUST0769,Paul Acosta,31.0,tedwards@example.com,Basic,No
CUST0770,Tyler Fox,74.0,carljenkins@example.com,Premium,Yes
CUST0771,Christine Evans,29.0,ychristian@example.org,Premium,Yes
CUST0772,Jennifer Andrews,67.0,petersvictoria@example.net,Premium,No
CUST0773,Ethan Payne,56.0,annesmith@example.net,,Yes
CUST0774,Mark Hines,32.0,austinrachel@example.net,Basic,No
CUST0775,Taylor Brady,62.0,charlessmith@example.net,Basic,Yes
CUST0776,Chloe Palmer,70.0,xeaton@example.org,Basic,Yes
,Juan Shaffer,54.0,tjohnson@example.com,Basic,No
CUST0778,Frank Williams,21.0,reedmichael@example.net,Premium,Yes
CUST0779,Raymond Larson,46.0,jessica86@example.org,Premium,No
CUST0780,Brittney Cooper,31.0,orodgers@example.com,Premium,Yes
CUST0781,Tara Rice,30.0,rachel02@example.net,Basic,Yes
CUST0782,Lori Kelly,40.0,thomasmccall@example.org,Standard,Yes
CUST0783,,72.0,awilson@example.com,Standard,No
,Savannah Smith,70.0,gfuller@example.org,Basic,No
CUST0785,Crystal Rodriguez,20.0,marvinlawrence@example.org,Standard,No
CUST0786,Victoria Marquez,76.0,isimpson@example.net,Standard,Yes
CUST0787,Taylor Crosby,43.0,imiller@example.net,,No
CUST0788,Jacob Williamson,56.0,osims@example.net,Standard,No
CUST0789,Margaret Mccarthy,72.0,brooke54@example.com,Standard,Yes
CUST0790,Gary Bates,,warrengibson@example.org,Standard,No
CUST0791,Stephanie Wright,21.0,munozamanda@example.net,Premium,Yes
CUST0792,Sara Huber,20.0,rodriguezwillie@example.org,Premium,Yes
CUST0793,Joseph Figueroa,62.0,harrismark@example.net,Standard,No
CUST0794,Karen Clark,37.0,yolandajones@example.net,Standard,No
CUST0795,Melissa Marks,52.0,dhensley@example.com,Basic,Yes
CUST0796,Kevin Smith,44.0,michael73@example.net,Standard,No
CUST0797,Joseph Mccarty,74.0,daniel83@example.org,Premium,Yes
CUST0798,Jamie Smith,42.0,jacobschristy@example.net,Premium,No
CUST0799,Amanda Davis,55.0,tiffany43@example.com,Premium,Yes
CUST0800,Michael Huber,22.0,drobinson@example.org,,No
CUST0801,Andrea Schneider,,sara20@example.com,Standard,Yes
CUST0802,Edward Leach,41.0,asingleton@example.net,Basic,No
CUST0803,Katie Proctor,67.0,bryanwhite@example.net,,Yes
CUST0804,Jennifer Barker,29.0,wrightlucas@example.com,Basic,No
CUST0805,Scott Nguyen,31.0,jhouston@example.org,Premium,No
CUST0806,,24.0,kristina55@example.net,Basic,No
CUST0807,Jennifer Keller,29.0,johnsonmelissa@example.com,Standard,No
CUST0808,Donna Rivera,,smithsherry@example.org,Basic,No
CUST0809,Denise Parker,,joseblackwell@example.org,Standard,Yes
CUST0810,Tracy Howard,62.0,frank19@example.org,Basic,No
CUST0811,Krystal Deleon,42.0,jesse10@example.com,Premium,No
CUST0812,Bobby Jackson,50.0,udixon@example.net,Standard,No
CUST0813,Robert Smith,22.0,stanley92@example.net,Basic,No
CUST0814,Megan Glenn,76.0,cervantesamanda@example.com,Basic,Yes
CUST0815,Joshua Jones,54.0,rebecca74@example.org,Standard,No
CUST0816,Ronald Zuniga,48.0,rsims@example.net,Standard,Yes
CUST0817,Michael Allen,73.0,michael63@example.org,Basic,No
CUST0818,Emily King,32.0,simonlance@example.org,Premium,No
CUST0819,Justin Browning,58.0,stephensmelissa@example.org,Standard,No
CUST0820,Bruce Estrada,61.0,stephen76@example.net,Standard,No
CUST0821,Richard Bell,64.0,bradyronnie@example.com,Premium,No
CUST0822,Samantha Crane,76.0,wchavez@example.org,Premium,No
CUST0823,,52.0,xdeleon@example.com,Basic,No
CUST0824,Marcus Daniels,61.0,john59@example.net,Standard,Yes
CUST0825,Gregory Mcdaniel,62.0,nicole95@example.org,Premium,No
CUST0826,William Robbins,41.0,jeff39@example.org,Basic,No
CUST0827,Jennifer Le,58.0,davidbailey@example.com,Basic,No
CUST0828,Gabriel Daniels,48.0,melissasmith@example.com,,No
CUST0829,Dawn Nelson,55.0,crystal57@example.net,Premium,No
CUST0830,Christie Frederick,42.0,perkinsjeffrey@example.com,Premium,Yes
CUST0831,Michael Roy,45.0,oallen@example.net,Standard,No
CUST0832,Eric Collins,35.0,lisaalvarado@example.net,Basic,Yes
CUST0833,Nathan Sullivan,29.0,ostewart@example.org,Basic,No
CUST0834,Alisha Costa,30.0,robert18@example.org,Premium,No
CUST0835,Megan Hernandez,27.0,tylerneal@example.com,Standard,No
CUST0836,Jose Jones,44.0,lauraterrell@example.com,,Yes
CUST0837,Daniel Pham,56.0,hancocklinda@example.com,Premium,Yes
CUST0838,Cory Ruiz,76.0,joneskenneth@example.org,Premium,No
CUST0839,Mary Scott,50.0,fmejia@example.org,Premium,No
CUST0840,Kaitlin Hawkins,53.0,phillip53@example.org,Standard,Yes
CUST0841,Alicia Garrett,19.0,michaelcoleman@example.org,Standard,Yes
CUST0842,Kathy Irwin,49.0,carrie31@example.org,Basic,No
CUST0843,Diana Robinson,79.0,jameslewis@example.net,Premium,Yes
CUST0844,Philip Rodgers,61.0,pollardjames@example.com,Standard,No
CUST0845,Krista Huerta,53.0,judy95@example.net,,Yes
CUST0846,,,coreyguerrero@example.org,,Yes
CUST0847,Elizabeth Brown,72.0,hineskristopher@example.com,Standard,Yes
,Dale Johnson,53.0,victoriamiller@example.net,Basic,No
CUST0849,Christy Martin,35.0,pamelanixon@example.org,Premium,Yes
CUST0850,David Anderson,34.0,wmiller@example.com,Standard,No
CUST0851,Steven Sawyer,69.0,drussell@example.org,Premium,No
CUST0852,Kristine Copeland,19.0,tonysimmons@example.net,Basic,No
CUST0853,Vincent Parker,71.0,amyfuller@example.org,Basic,Yes
CUST0854,Matthew Francis,20.0,christinaclark@example.net,Standard,No
CUST0855,Terry Faulkner,28.0,elizabeth82@example.net,Standard,No
CUST0856,Rhonda Navarro,79.0,ffrancis@example.org,Standard,No
CUST0857,Sara Simpson,40.0,dhaney@example.com,Standard,No
CUST0858,Bradley Luna,47.0,morgandavid@example.com,,No
CUST0859,Lisa Ramirez,26.0,samuelgentry@example.com,Premium,No
CUST0860,Nicholas Diaz,18.0,iwilliams@example.net,Basic,Yes
CUST0861,Jason Freeman,47.0,dominguezlisa@example.com,Premium,No
CUST0862,Peter Peterson,80.0,hopkinsleslie@example.org,Premium,No
CUST0863,Sarah Fuller,68.0,melissagriffin@example.org,Premium,Yes
CUST0864,Jonathan Stone,71.0,josephfleming@example.com,Premium,No
CUST0865,,24.0,nathan31@example.org,Standard,No
CUST0866,Rose Bates,39.0,garciabilly@example.net,Standard,No
CUST0867,Kimberly Ryan,69.0,robertmitchell@example.com,Standard,No
CUST0868,Nicole White,67.0,mcphersonsara@example.org,Standard,No
CUST0869,Michael Becker,76.0,williamevans@example.org,Premium,No
CUST0870,Stephanie Garcia,24.0,smcdonald@example.net,Standard,No
CUST0871,Amanda Anderson,37.0,douglascynthia@example.com,Basic,No
CUST0872,Patricia Brown,29.0,rwilson@example.org,Premium,No
CUST0873,Jared Jimenez,56.0,rosalesdiane@example.com,Premium,Yes
CUST0874,David Adams,48.0,walkerangela@example.net,Standard,Yes
CUST0875,Pamela Young,32.0,grahamseth@example.org,Premium,No
CUST0876,Debra Young,55.0,kristen43@example.com,Basic,No
CUST0877,Michele Williams,32.0,zlawrence@example.com,Premium,No
CUST0878,Phillip Smith,46.0,thomasellis@example.net,Premium,Yes
CUST0879,Cory Medina,35.0,richardsonalan@example.org,Premium,Yes
CUST0880,Mallory Smith,77.0,bturner@example.com,Basic,No
,Julia Mcconnell,52.0,jason11@example.com,Basic,Yes
CUST0882,Marc King,33.0,michael47@example.net,Premium,No
CUST0883,Robert Greer,29.0,kara68@example.org,Premium,Yes
CUST0884,Ricardo Richardson,35.0,maldonadosteven@example.com,Basic,Yes
CUST0885,Mary Gonzalez,,nharrington@example.org,Premium,No
CUST0886,Stacy White,38.0,peterbean@example.net,Premium,Yes
CUST0887,Andrew Smith,36.0,meghan61@example.net,Basic,No
,Matthew Payne,58.0,yanderson@example.org,Premium,Yes
CUST0889,Judy Ramos,53.0,suzanne47@example.org,Basic,No
CUST0890,Joanne Jones,73.0,reyesleslie@example.net,Basic,Yes
,Brian Harris,38.0,edward75@example.net,Premium,Yes
CUST0892,Kevin Clayton,62.0,rebeccaford@example.com,Premium,No
CUST0893,Johnny Jones,21.0,samanthawest@example.org,Standard,Yes
CUST0894,Dr. Danielle Smith MD,39.0,jeffreyroberts@example.net,Premium,No
CUST0895,Grace Clark,73.0,jonathantran@example.net,Standard,Yes
CUST0896,Brittany Fry,41.0,rodriguezlarry@example.org,Basic,Yes
CUST0897,Christopher Stone,75.0,aperry@example.org,Basic,Yes
CUST0898,Amanda Wade,38.0,bushkevin@example.com,Basic,No
CUST0899,Catherine Wright,43.0,rbrown@example.net,Basic,Yes
CUST0900,Steven Carlson,37.0,grant19@example.net,Premium,Yes
CUST0901,Mitchell Brown,76.0,carlos78@example.net,Basic,No
CUST0902,Dennis Anderson,66.0,allisonmcdonald@example.net,Basic,No
CUST0903,Jasmine Gutierrez,50.0,brian75@example.org,Premium,No
CUST0904,Stephanie Roberson,71.0,yatkins@example.org,Basic,No
CUST0905,Sabrina Harris,45.0,lisa00@example.net,Standard,Yes
CUST0906,Colin Smith,27.0,fmeyer@example.org,Premium,No
CUST0907,Joann Martinez,45.0,douglas04@example.org,Basic,Yes
CUST0908,Amy Martinez,63.0,gardnermichelle@example.com,Basic,Yes
CUST0909,Samantha Taylor,52.0,cliffordgalvan@example.net,Basic,Yes
CUST0910,Jennifer Russell,63.0,samanthagibson@example.org,Premium,No
CUST0911,Stephen Jensen,79.0,dudleylouis@example.net,Basic,Yes
CUST0912,Julia Stewart,67.0,alexiscole@example.com,Basic,No
CUST0913,Mark Doyle,40.0,xestrada@example.org,Basic,Yes
CUST0914,Kelsey Oneill,67.0,reyesangela@example.org,Standard,Yes
CUST0915,Kevin Baldwin,39.0,dolson@example.com,Basic,No
CUST0916,Aaron Cunningham,51.0,frichardson@example.com,Basic,Yes
CUST0917,Lynn Kelley DDS,34.0,victoria44@example.org,Standard,Yes
CUST0918,Justin Robinson,65.0,twest@example.com,Basic,Yes
CUST0919,Stephanie Rosario,48.0,douglasberry@example.org,Premium,Yes
CUST0920,Jessica Hall,42.0,briandaugherty@example.net,Basic,Yes
CUST0921,Michele Harper,36.0,kaitlynjohnson@example.com,Basic,Yes
CUST0922,Sergio Stafford,68.0,dwayne67@example.org,Premium,No
CUST0923,Brett Gutierrez,52.0,zhenry@example.com,Standard,No
CUST0924,Richard Orr,70.0,ztorres@example.com,Premium,No
CUST0925,Heather Rice,25.0,donna37@example.com,Standard,Yes
CUST0926,Heidi Schroeder,57.0,andre95@example.com,Standard,Yes
CUST0927,Erin Martin,63.0,thomasjohn@example.com,Standard,No
CUST0928,Maria Walls,68.0,freid@example.net,Premium,Yes
CUST0929,Christine Kemp,79.0,andrew47@example.com,Basic,Yes
CUST0930,Malik Mason,56.0,paigevalenzuela@example.org,Basic,No
CUST0931,Michelle Wall,18.0,hurstmelanie@example.com,Standard,No
CUST0932,Cynthia Hernandez,50.0,mwheeler@example.org,Basic,No
CUST0933,Samantha Jackson,46.0,brennanjanice@example.org,Standard,Yes
CUST0934,Joshua Henry,35.0,ijackson@example.net,Premium,No
CUST0935,,37.0,aaronjones@example.org,Premium,No
CUST0936,Carmen Bauer,38.0,ramirezfrank@example.com,Standard,Yes
CUST0937,Kimberly Morris,22.0,woodchristian@example.net,Standard,Yes
CUST0938,Kristen Johnson,30.0,cmiller@example.net,Standard,No
,Donald Johnson,63.0,bcunningham@example.com,Premium,No
CUST0940,Kathleen James,25.0,baileychristopher@example.com,Premium,Yes
CUST0941,Mrs. Gina Harrell MD,59.0,dtaylor@example.com,Basic,Yes
CUST0942,Jason Sanford,49.0,afields@example.org,Standard,Yes
CUST0943,Susan Washington,30.0,gordonrebecca@example.net,Standard,Yes
CUST0944,Tammy Cook,41.0,christina12@example.org,Standard,No
CUST0945,,70.0,hsmith@example.org,Basic,Yes
CUST0946,Blake Mitchell,34.0,vcummings@example.net,Basic,No
CUST0947,,24.0,kathleen46@example.org,Basic,Yes
CUST0948,John Lindsey,21.0,mshaw@example.com,Basic,No
CUST0949,John Snyder,52.0,clarketimothy@example.net,Premium,No
CUST0950,Amy Jackson,42.0,matthew82@example.org,,No
,Carlos Fleming,65.0,kgonzales@example.net,Standard,No
CUST0952,Travis Erickson,22.0,howardleonard@example.com,Basic,Yes
CUST0953,Deborah Smith,40.0,seanmendoza@example.net,Basic,No
CUST0954,Deborah Williams,78.0,michaelvincent@example.net,Premium,Yes
CUST0955,Sherry Estrada,55.0,linda42@example.com,Standard,Yes
CUST0956,John Davis,,marc10@example.net,Standard,No
CUST0957,,68.0,nlawson@example.org,Premium,No
CUST0958,Ronald Williams,57.0,portermichael@example.com,Basic,No
CUST0959,Heather Cook,47.0,brett28@example.org,Standard,Yes
CUST0960,Tammy Brady,,williamsronald@example.org,Basic,Yes
CUST0961,Melissa Davis,51.0,kristyfigueroa@example.net,Standard,No
CUST0962,Amanda Brooks,45.0,smithmadeline@example.org,Basic,No
CUST0963,James Cooper,39.0,gjohnson@example.com,Standard,No
CUST0964,Sarah Smith,52.0,williamjohnson@example.com,Premium,No
CUST0965,Amber Hall,,erinmorris@example.com,Basic,Yes
CUST0966,John Salazar,61.0,waltersgeorge@example.org,Standard,No
CUST0967,Teresa Jimenez,59.0,oconnorjanet@example.net,Basic,No
CUST0968,Joseph Myers,72.0,youngkyle@example.org,Standard,Yes
CUST0969,Gerald Hood,70.0,bfrey@example.net,Standard,No
CUST0970,Scott Mcclure,55.0,joshuasolis@example.net,Basic,No
CUST0971,Deborah West,78.0,isteele@example.org,Basic,Yes
CUST0972,Angel Duke,36.0,ccox@example.net,Standard,No
CUST0973,Alexander Becker,63.0,monicaramos@example.org,Basic,No
CUST0974,Mr. David Morgan,42.0,harringtonshelly@example.org,Standard,No
CUST0975,Stephanie Clark,73.0,joseph52@example.org,Premium,No
CUST0976,Aaron Fisher,68.0,blakelucas@example.net,Premium,Yes
CUST0977,Michael Drake,,jle@example.org,Premium,Yes
CUST0978,Ernest Singleton,46.0,haleanthony@example.net,,Yes
CUST0979,Brooke Galloway,73.0,maryweaver@example.com,Basic,Yes
CUST0980,Susan Bradshaw,62.0,blong@example.org,Basic,No
CUST0981,Darryl Shaffer,33.0,robertmorales@example.org,Standard,No
CUST0982,Christina Jefferson,50.0,mark60@example.org,Premium,No
CUST0983,Kelsey Davis,62.0,leachjessica@example.org,Basic,Yes
CUST0984,Amy Hodges,54.0,benjaminedwards@example.org,Basic,No
CUST0985,Angela Edwards,41.0,meagancox@example.net,Standard,Yes
CUST0986,Vanessa Murray,69.0,vlove@example.net,Basic,Yes
CUST0987,,79.0,catherinepineda@example.org,Standard,No
CUST0988,Michael Barrett,71.0,wolfrobin@example.net,Standard,Yes
CUST0989,David Stewart,67.0,gavinklein@example.com,Premium,No
CUST0990,Ariel Pearson,,brownjohnny@example.net,Premium,No
CUST0991,Charles Lucas,50.0,johnsonholly@example.com,Basic,Yes
CUST0992,Jennifer Gilbert,54.0,victoriafisher@example.com,Standard,No
CUST0993,Sharon Parks,73.0,mark03@example.net,Premium,No
CUST0994,Joy Osborne,36.0,melissasmith@example.net,Basic,No
CUST0995,Samantha Lee,48.0,andrea79@example.com,Premium,No
,Jessica Brown,69.0,william38@example.com,Standard,Yes
,Peggy Weber,74.0,patelwilliam@example.org,Standard,Yes
CUST0998,Ricky Crawford,36.0,floydnathaniel@example.net,Basic,No
CUST0999,Derek Smith,27.0,kristen13@example.net,Premium,Yes
CUST1000,Lauren Martinez,37.0,cheryl44@example.net,Basic,Yes
